bcd.user1000,exo
bcd.user1001,exo
bcd.user1002,exo
bcd.user1003,exo
bcd.user1004,exo
bcd.user1005,exo
bcd.user1006,exo
bcd.user1007,exo
bcd.user1008,exo
bcd.user1009,exo
bcd.user1010,exo
bcd.user1011,exo
bcd.user1012,exo
bcd.user1013,exo
bcd.user1014,exo
bcd.user1015,exo
bcd.user1016,exo
bcd.user1017,exo
bcd.user1018,exo
bcd.user1019,exo
bcd.user1020,exo
bcd.user1021,exo
bcd.user1022,exo
bcd.user1023,exo
bcd.user1024,exo
bcd.user1025,exo
bcd.user1026,exo
bcd.user1027,exo
bcd.user1028,exo
bcd.user1029,exo
bcd.user1030,exo
bcd.user1031,exo
bcd.user1032,exo
bcd.user1033,exo
bcd.user1034,exo
bcd.user1035,exo
bcd.user1036,exo
bcd.user1037,exo
bcd.user1038,exo
bcd.user1039,exo
bcd.user1040,exo
bcd.user1041,exo
bcd.user1042,exo
bcd.user1043,exo
bcd.user1044,exo
bcd.user1045,exo
bcd.user1046,exo
bcd.user1047,exo
bcd.user1048,exo
bcd.user1049,exo
bcd.user1050,exo
bcd.user1051,exo
bcd.user1052,exo
bcd.user1053,exo
bcd.user1054,exo
bcd.user1055,exo
bcd.user1056,exo
bcd.user1057,exo
bcd.user1058,exo
bcd.user1059,exo
bcd.user1060,exo
bcd.user1061,exo
bcd.user1062,exo
bcd.user1063,exo
bcd.user1064,exo
bcd.user1065,exo
bcd.user1066,exo
bcd.user1067,exo
bcd.user1068,exo
bcd.user1069,exo
bcd.user1070,exo
bcd.user1071,exo
bcd.user1072,exo
bcd.user1073,exo
bcd.user1074,exo
bcd.user1075,exo
bcd.user1076,exo
bcd.user1077,exo
bcd.user1078,exo
bcd.user1079,exo
bcd.user1080,exo
bcd.user1081,exo
bcd.user1082,exo
bcd.user1083,exo
bcd.user1084,exo
bcd.user1085,exo
bcd.user1086,exo
bcd.user1087,exo
bcd.user1088,exo
bcd.user1089,exo
bcd.user1090,exo
bcd.user1091,exo
bcd.user1092,exo
bcd.user1093,exo
bcd.user1094,exo
bcd.user1095,exo
bcd.user1096,exo
bcd.user1097,exo
bcd.user1098,exo
bcd.user1099,exo
bcd.user1100,exo
bcd.user1101,exo
bcd.user1102,exo
bcd.user1103,exo
bcd.user1104,exo
bcd.user1105,exo
bcd.user1106,exo
bcd.user1107,exo
bcd.user1108,exo
bcd.user1109,exo
bcd.user1110,exo
bcd.user1111,exo
bcd.user1112,exo
bcd.user1113,exo
bcd.user1114,exo
bcd.user1115,exo
bcd.user1116,exo
bcd.user1117,exo
bcd.user1118,exo
bcd.user1119,exo
bcd.user1120,exo
bcd.user1121,exo
bcd.user1122,exo
bcd.user1123,exo
bcd.user1124,exo
bcd.user1125,exo
bcd.user1126,exo
bcd.user1127,exo
bcd.user1128,exo
bcd.user1129,exo
bcd.user1130,exo
bcd.user1131,exo
bcd.user1132,exo
bcd.user1133,exo
bcd.user1134,exo
bcd.user1135,exo
bcd.user1136,exo
bcd.user1137,exo
bcd.user1138,exo
bcd.user1139,exo
bcd.user1140,exo
bcd.user1141,exo
bcd.user1142,exo
bcd.user1143,exo
bcd.user1144,exo
bcd.user1145,exo
bcd.user1146,exo
bcd.user1147,exo
bcd.user1148,exo
bcd.user1149,exo
bcd.user1150,exo
bcd.user1151,exo
bcd.user1152,exo
bcd.user1153,exo
bcd.user1154,exo
bcd.user1155,exo
bcd.user1156,exo
bcd.user1157,exo
bcd.user1158,exo
bcd.user1159,exo
bcd.user1160,exo
bcd.user1161,exo
bcd.user1162,exo
bcd.user1163,exo
bcd.user1164,exo
bcd.user1165,exo
bcd.user1166,exo
bcd.user1167,exo
bcd.user1168,exo
bcd.user1169,exo
bcd.user1170,exo
bcd.user1171,exo
bcd.user1172,exo
bcd.user1173,exo
bcd.user1174,exo
bcd.user1175,exo
bcd.user1176,exo
bcd.user1177,exo
bcd.user1178,exo
bcd.user1179,exo
bcd.user1180,exo
bcd.user1181,exo
bcd.user1182,exo
bcd.user1183,exo
bcd.user1184,exo
bcd.user1185,exo
bcd.user1186,exo
bcd.user1187,exo
bcd.user1188,exo
bcd.user1189,exo
bcd.user1190,exo
bcd.user1191,exo
bcd.user1192,exo
bcd.user1193,exo
bcd.user1194,exo
bcd.user1195,exo
bcd.user1196,exo
bcd.user1197,exo
bcd.user1198,exo
bcd.user1199,exo
bcd.user1200,exo
bcd.user1201,exo
bcd.user1202,exo
bcd.user1203,exo
bcd.user1204,exo
bcd.user1205,exo
bcd.user1206,exo
bcd.user1207,exo
bcd.user1208,exo
bcd.user1209,exo
bcd.user1210,exo
bcd.user1211,exo
bcd.user1212,exo
bcd.user1213,exo
bcd.user1214,exo
bcd.user1215,exo
bcd.user1216,exo
bcd.user1217,exo
bcd.user1218,exo
bcd.user1219,exo
bcd.user1220,exo
bcd.user1221,exo
bcd.user1222,exo
bcd.user1223,exo
bcd.user1224,exo
bcd.user1225,exo
bcd.user1226,exo
bcd.user1227,exo
bcd.user1228,exo
bcd.user1229,exo
bcd.user1230,exo
bcd.user1231,exo
bcd.user1232,exo
bcd.user1233,exo
bcd.user1234,exo
bcd.user1235,exo
bcd.user1236,exo
bcd.user1237,exo
bcd.user1238,exo
bcd.user1239,exo
bcd.user1240,exo
bcd.user1241,exo
bcd.user1242,exo
bcd.user1243,exo
bcd.user1244,exo
bcd.user1245,exo
bcd.user1246,exo
bcd.user1247,exo
bcd.user1248,exo
bcd.user1249,exo
bcd.user1250,exo
bcd.user1251,exo
bcd.user1252,exo
bcd.user1253,exo
bcd.user1254,exo
bcd.user1255,exo
bcd.user1256,exo
bcd.user1257,exo
bcd.user1258,exo
bcd.user1259,exo
bcd.user1260,exo
bcd.user1261,exo
bcd.user1262,exo
bcd.user1263,exo
bcd.user1264,exo
bcd.user1265,exo
bcd.user1266,exo
bcd.user1267,exo
bcd.user1268,exo
bcd.user1269,exo
bcd.user1270,exo
bcd.user1271,exo
bcd.user1272,exo
bcd.user1273,exo
bcd.user1274,exo
bcd.user1275,exo
bcd.user1276,exo
bcd.user1277,exo
bcd.user1278,exo
bcd.user1279,exo
bcd.user1280,exo
bcd.user1281,exo
bcd.user1282,exo
bcd.user1283,exo
bcd.user1284,exo
bcd.user1285,exo
bcd.user1286,exo
bcd.user1287,exo
bcd.user1288,exo
bcd.user1289,exo
bcd.user1290,exo
bcd.user1291,exo
bcd.user1292,exo
bcd.user1293,exo
bcd.user1294,exo
bcd.user1295,exo
bcd.user1296,exo
bcd.user1297,exo
bcd.user1298,exo
bcd.user1299,exo
bcd.user1300,exo
bcd.user1301,exo
bcd.user1302,exo
bcd.user1303,exo
bcd.user1304,exo
bcd.user1305,exo
bcd.user1306,exo
bcd.user1307,exo
bcd.user1308,exo
bcd.user1309,exo
bcd.user1310,exo
bcd.user1311,exo
bcd.user1312,exo
bcd.user1313,exo
bcd.user1314,exo
bcd.user1315,exo
bcd.user1316,exo
bcd.user1317,exo
bcd.user1318,exo
bcd.user1319,exo
bcd.user1320,exo
bcd.user1321,exo
bcd.user1322,exo
bcd.user1323,exo
bcd.user1324,exo
bcd.user1325,exo
bcd.user1326,exo
bcd.user1327,exo
bcd.user1328,exo
bcd.user1329,exo
bcd.user1330,exo
bcd.user1331,exo
bcd.user1332,exo
bcd.user1333,exo
bcd.user1334,exo
bcd.user1335,exo
bcd.user1336,exo
bcd.user1337,exo
bcd.user1338,exo
bcd.user1339,exo
bcd.user1340,exo
bcd.user1341,exo
bcd.user1342,exo
bcd.user1343,exo
bcd.user1344,exo
bcd.user1345,exo
bcd.user1346,exo
bcd.user1347,exo
bcd.user1348,exo
bcd.user1349,exo
bcd.user1350,exo
bcd.user1351,exo
bcd.user1352,exo
bcd.user1353,exo
bcd.user1354,exo
bcd.user1355,exo
bcd.user1356,exo
bcd.user1357,exo
bcd.user1358,exo
bcd.user1359,exo
bcd.user1360,exo
bcd.user1361,exo
bcd.user1362,exo
bcd.user1363,exo
bcd.user1364,exo
bcd.user1365,exo
bcd.user1366,exo
bcd.user1367,exo
bcd.user1368,exo
bcd.user1369,exo
bcd.user1370,exo
bcd.user1371,exo
bcd.user1372,exo
bcd.user1373,exo
bcd.user1374,exo
bcd.user1375,exo
bcd.user1376,exo
bcd.user1377,exo
bcd.user1378,exo
bcd.user1379,exo
bcd.user1380,exo
bcd.user1381,exo
bcd.user1382,exo
bcd.user1383,exo
bcd.user1384,exo
bcd.user1385,exo
bcd.user1386,exo
bcd.user1387,exo
bcd.user1388,exo
bcd.user1389,exo
bcd.user1390,exo
bcd.user1391,exo
bcd.user1392,exo
bcd.user1393,exo
bcd.user1394,exo
bcd.user1395,exo
bcd.user1396,exo
bcd.user1397,exo
bcd.user1398,exo
bcd.user1399,exo
bcd.user1400,exo
bcd.user1401,exo
bcd.user1402,exo
bcd.user1403,exo
bcd.user1404,exo
bcd.user1405,exo
bcd.user1406,exo
bcd.user1407,exo
bcd.user1408,exo
bcd.user1409,exo
bcd.user1410,exo
bcd.user1411,exo
bcd.user1412,exo
bcd.user1413,exo
bcd.user1414,exo
bcd.user1415,exo
bcd.user1416,exo
bcd.user1417,exo
bcd.user1418,exo
bcd.user1419,exo
bcd.user1420,exo
bcd.user1421,exo
bcd.user1422,exo
bcd.user1423,exo
bcd.user1424,exo
bcd.user1425,exo
bcd.user1426,exo
bcd.user1427,exo
bcd.user1428,exo
bcd.user1429,exo
bcd.user1430,exo
bcd.user1431,exo
bcd.user1432,exo
bcd.user1433,exo
bcd.user1434,exo
bcd.user1435,exo
bcd.user1436,exo
bcd.user1437,exo
bcd.user1438,exo
bcd.user1439,exo
bcd.user1440,exo
bcd.user1441,exo
bcd.user1442,exo
bcd.user1443,exo
bcd.user1444,exo
bcd.user1445,exo
bcd.user1446,exo
bcd.user1447,exo
bcd.user1448,exo
bcd.user1449,exo
bcd.user1450,exo
bcd.user1451,exo
bcd.user1452,exo
bcd.user1453,exo
bcd.user1454,exo
bcd.user1455,exo
bcd.user1456,exo
bcd.user1457,exo
bcd.user1458,exo
bcd.user1459,exo
bcd.user1460,exo
bcd.user1461,exo
bcd.user1462,exo
bcd.user1463,exo
bcd.user1464,exo
bcd.user1465,exo
bcd.user1466,exo
bcd.user1467,exo
bcd.user1468,exo
bcd.user1469,exo
bcd.user1470,exo
bcd.user1471,exo
bcd.user1472,exo
bcd.user1473,exo
bcd.user1474,exo
bcd.user1475,exo
bcd.user1476,exo
bcd.user1477,exo
bcd.user1478,exo
bcd.user1479,exo
bcd.user1480,exo
bcd.user1481,exo
bcd.user1482,exo
bcd.user1483,exo
bcd.user1484,exo
bcd.user1485,exo
bcd.user1486,exo
bcd.user1487,exo
bcd.user1488,exo
bcd.user1489,exo
bcd.user1490,exo
bcd.user1491,exo
bcd.user1492,exo
bcd.user1493,exo
bcd.user1494,exo
bcd.user1495,exo
bcd.user1496,exo
bcd.user1497,exo
bcd.user1498,exo
bcd.user1499,exo
bcd.user1500,exo
bcd.user1501,exo
bcd.user1502,exo
bcd.user1503,exo
bcd.user1504,exo
bcd.user1505,exo
bcd.user1506,exo
bcd.user1507,exo
bcd.user1508,exo
bcd.user1509,exo
bcd.user1510,exo
bcd.user1511,exo
bcd.user1512,exo
bcd.user1513,exo
bcd.user1514,exo
bcd.user1515,exo
bcd.user1516,exo
bcd.user1517,exo
bcd.user1518,exo
bcd.user1519,exo
bcd.user1520,exo
bcd.user1521,exo
bcd.user1522,exo
bcd.user1523,exo
bcd.user1524,exo
bcd.user1525,exo
bcd.user1526,exo
bcd.user1527,exo
bcd.user1528,exo
bcd.user1529,exo
bcd.user1530,exo
bcd.user1531,exo
bcd.user1532,exo
bcd.user1533,exo
bcd.user1534,exo
bcd.user1535,exo
bcd.user1536,exo
bcd.user1537,exo
bcd.user1538,exo
bcd.user1539,exo
bcd.user1540,exo
bcd.user1541,exo
bcd.user1542,exo
bcd.user1543,exo
bcd.user1544,exo
bcd.user1545,exo
bcd.user1546,exo
bcd.user1547,exo
bcd.user1548,exo
bcd.user1549,exo
bcd.user1550,exo
bcd.user1551,exo
bcd.user1552,exo
bcd.user1553,exo
bcd.user1554,exo
bcd.user1555,exo
bcd.user1556,exo
bcd.user1557,exo
bcd.user1558,exo
bcd.user1559,exo
bcd.user1560,exo
bcd.user1561,exo
bcd.user1562,exo
bcd.user1563,exo
bcd.user1564,exo
bcd.user1565,exo
bcd.user1566,exo
bcd.user1567,exo
bcd.user1568,exo
bcd.user1569,exo
bcd.user1570,exo
bcd.user1571,exo
bcd.user1572,exo
bcd.user1573,exo
bcd.user1574,exo
bcd.user1575,exo
bcd.user1576,exo
bcd.user1577,exo
bcd.user1578,exo
bcd.user1579,exo
bcd.user1580,exo
bcd.user1581,exo
bcd.user1582,exo
bcd.user1583,exo
bcd.user1584,exo
bcd.user1585,exo
bcd.user1586,exo
bcd.user1587,exo
bcd.user1588,exo
bcd.user1589,exo
bcd.user1590,exo
bcd.user1591,exo
bcd.user1592,exo
bcd.user1593,exo
bcd.user1594,exo
bcd.user1595,exo
bcd.user1596,exo
bcd.user1597,exo
bcd.user1598,exo
bcd.user1599,exo
bcd.user1600,exo
bcd.user1601,exo
bcd.user1602,exo
bcd.user1603,exo
bcd.user1604,exo
bcd.user1605,exo
bcd.user1606,exo
bcd.user1607,exo
bcd.user1608,exo
bcd.user1609,exo
bcd.user1610,exo
bcd.user1611,exo
bcd.user1612,exo
bcd.user1613,exo
bcd.user1614,exo
bcd.user1615,exo
bcd.user1616,exo
bcd.user1617,exo
bcd.user1618,exo
bcd.user1619,exo
bcd.user1620,exo
bcd.user1621,exo
bcd.user1622,exo
bcd.user1623,exo
bcd.user1624,exo
bcd.user1625,exo
bcd.user1626,exo
bcd.user1627,exo
bcd.user1628,exo
bcd.user1629,exo
bcd.user1630,exo
bcd.user1631,exo
bcd.user1632,exo
bcd.user1633,exo
bcd.user1634,exo
bcd.user1635,exo
bcd.user1636,exo
bcd.user1637,exo
bcd.user1638,exo
bcd.user1639,exo
bcd.user1640,exo
bcd.user1641,exo
bcd.user1642,exo
bcd.user1643,exo
bcd.user1644,exo
bcd.user1645,exo
bcd.user1646,exo
bcd.user1647,exo
bcd.user1648,exo
bcd.user1649,exo
bcd.user1650,exo
bcd.user1651,exo
bcd.user1652,exo
bcd.user1653,exo
bcd.user1654,exo
bcd.user1655,exo
bcd.user1656,exo
bcd.user1657,exo
bcd.user1658,exo
bcd.user1659,exo
bcd.user1660,exo
bcd.user1661,exo
bcd.user1662,exo
bcd.user1663,exo
bcd.user1664,exo
bcd.user1665,exo
bcd.user1666,exo
bcd.user1667,exo
bcd.user1668,exo
bcd.user1669,exo
bcd.user1670,exo
bcd.user1671,exo
bcd.user1672,exo
bcd.user1673,exo
bcd.user1674,exo
bcd.user1675,exo
bcd.user1676,exo
bcd.user1677,exo
bcd.user1678,exo
bcd.user1679,exo
bcd.user1680,exo
bcd.user1681,exo
bcd.user1682,exo
bcd.user1683,exo
bcd.user1684,exo
bcd.user1685,exo
bcd.user1686,exo
bcd.user1687,exo
bcd.user1688,exo
bcd.user1689,exo
bcd.user1690,exo
bcd.user1691,exo
bcd.user1692,exo
bcd.user1693,exo
bcd.user1694,exo
bcd.user1695,exo
bcd.user1696,exo
bcd.user1697,exo
bcd.user1698,exo
bcd.user1699,exo
bcd.user1700,exo
bcd.user1701,exo
bcd.user1702,exo
bcd.user1703,exo
bcd.user1704,exo
bcd.user1705,exo
bcd.user1706,exo
bcd.user1707,exo
bcd.user1708,exo
bcd.user1709,exo
bcd.user1710,exo
bcd.user1711,exo
bcd.user1712,exo
bcd.user1713,exo
bcd.user1714,exo
bcd.user1715,exo
bcd.user1716,exo
bcd.user1717,exo
bcd.user1718,exo
bcd.user1719,exo
bcd.user1720,exo
bcd.user1721,exo
bcd.user1722,exo
bcd.user1723,exo
bcd.user1724,exo
bcd.user1725,exo
bcd.user1726,exo
bcd.user1727,exo
bcd.user1728,exo
bcd.user1729,exo
bcd.user1730,exo
bcd.user1731,exo
bcd.user1732,exo
bcd.user1733,exo
bcd.user1734,exo
bcd.user1735,exo
bcd.user1736,exo
bcd.user1737,exo
bcd.user1738,exo
bcd.user1739,exo
bcd.user1740,exo
bcd.user1741,exo
bcd.user1742,exo
bcd.user1743,exo
bcd.user1744,exo
bcd.user1745,exo
bcd.user1746,exo
bcd.user1747,exo
bcd.user1748,exo
bcd.user1749,exo
bcd.user1750,exo
bcd.user1751,exo
bcd.user1752,exo
bcd.user1753,exo
bcd.user1754,exo
bcd.user1755,exo
bcd.user1756,exo
bcd.user1757,exo
bcd.user1758,exo
bcd.user1759,exo
bcd.user1760,exo
bcd.user1761,exo
bcd.user1762,exo
bcd.user1763,exo
bcd.user1764,exo
bcd.user1765,exo
bcd.user1766,exo
bcd.user1767,exo
bcd.user1768,exo
bcd.user1769,exo
bcd.user1770,exo
bcd.user1771,exo
bcd.user1772,exo
bcd.user1773,exo
bcd.user1774,exo
bcd.user1775,exo
bcd.user1776,exo
bcd.user1777,exo
bcd.user1778,exo
bcd.user1779,exo
bcd.user1780,exo
bcd.user1781,exo
bcd.user1782,exo
bcd.user1783,exo
bcd.user1784,exo
bcd.user1785,exo
bcd.user1786,exo
bcd.user1787,exo
bcd.user1788,exo
bcd.user1789,exo
bcd.user1790,exo
bcd.user1791,exo
bcd.user1792,exo
bcd.user1793,exo
bcd.user1794,exo
bcd.user1795,exo
bcd.user1796,exo
bcd.user1797,exo
bcd.user1798,exo
bcd.user1799,exo
bcd.user1800,exo
bcd.user1801,exo
bcd.user1802,exo
bcd.user1803,exo
bcd.user1804,exo
bcd.user1805,exo
bcd.user1806,exo
bcd.user1807,exo
bcd.user1808,exo
bcd.user1809,exo
bcd.user1810,exo
bcd.user1811,exo
bcd.user1812,exo
bcd.user1813,exo
bcd.user1814,exo
bcd.user1815,exo
bcd.user1816,exo
bcd.user1817,exo
bcd.user1818,exo
bcd.user1819,exo
bcd.user1820,exo
bcd.user1821,exo
bcd.user1822,exo
bcd.user1823,exo
bcd.user1824,exo
bcd.user1825,exo
bcd.user1826,exo
bcd.user1827,exo
bcd.user1828,exo
bcd.user1829,exo
bcd.user1830,exo
bcd.user1831,exo
bcd.user1832,exo
bcd.user1833,exo
bcd.user1834,exo
bcd.user1835,exo
bcd.user1836,exo
bcd.user1837,exo
bcd.user1838,exo
bcd.user1839,exo
bcd.user1840,exo
bcd.user1841,exo
bcd.user1842,exo
bcd.user1843,exo
bcd.user1844,exo
bcd.user1845,exo
bcd.user1846,exo
bcd.user1847,exo
bcd.user1848,exo
bcd.user1849,exo
bcd.user1850,exo
bcd.user1851,exo
bcd.user1852,exo
bcd.user1853,exo
bcd.user1854,exo
bcd.user1855,exo
bcd.user1856,exo
bcd.user1857,exo
bcd.user1858,exo
bcd.user1859,exo
bcd.user1860,exo
bcd.user1861,exo
bcd.user1862,exo
bcd.user1863,exo
bcd.user1864,exo
bcd.user1865,exo
bcd.user1866,exo
bcd.user1867,exo
bcd.user1868,exo
bcd.user1869,exo
bcd.user1870,exo
bcd.user1871,exo
bcd.user1872,exo
bcd.user1873,exo
bcd.user1874,exo
bcd.user1875,exo
bcd.user1876,exo
bcd.user1877,exo
bcd.user1878,exo
bcd.user1879,exo
bcd.user1880,exo
bcd.user1881,exo
bcd.user1882,exo
bcd.user1883,exo
bcd.user1884,exo
bcd.user1885,exo
bcd.user1886,exo
bcd.user1887,exo
bcd.user1888,exo
bcd.user1889,exo
bcd.user1890,exo
bcd.user1891,exo
bcd.user1892,exo
bcd.user1893,exo
bcd.user1894,exo
bcd.user1895,exo
bcd.user1896,exo
bcd.user1897,exo
bcd.user1898,exo
bcd.user1899,exo
bcd.user1900,exo
bcd.user1901,exo
bcd.user1902,exo
bcd.user1903,exo
bcd.user1904,exo
bcd.user1905,exo
bcd.user1906,exo
bcd.user1907,exo
bcd.user1908,exo
bcd.user1909,exo
bcd.user1910,exo
bcd.user1911,exo
bcd.user1912,exo
bcd.user1913,exo
bcd.user1914,exo
bcd.user1915,exo
bcd.user1916,exo
bcd.user1917,exo
bcd.user1918,exo
bcd.user1919,exo
bcd.user1920,exo
bcd.user1921,exo
bcd.user1922,exo
bcd.user1923,exo
bcd.user1924,exo
bcd.user1925,exo
bcd.user1926,exo
bcd.user1927,exo
bcd.user1928,exo
bcd.user1929,exo
bcd.user1930,exo
bcd.user1931,exo
bcd.user1932,exo
bcd.user1933,exo
bcd.user1934,exo
bcd.user1935,exo
bcd.user1936,exo
bcd.user1937,exo
bcd.user1938,exo
bcd.user1939,exo
bcd.user1940,exo
bcd.user1941,exo
bcd.user1942,exo
bcd.user1943,exo
bcd.user1944,exo
bcd.user1945,exo
bcd.user1946,exo
bcd.user1947,exo
bcd.user1948,exo
bcd.user1949,exo
bcd.user1950,exo
bcd.user1951,exo
bcd.user1952,exo
bcd.user1953,exo
bcd.user1954,exo
bcd.user1955,exo
bcd.user1956,exo
bcd.user1957,exo
bcd.user1958,exo
bcd.user1959,exo
bcd.user1960,exo
bcd.user1961,exo
bcd.user1962,exo
bcd.user1963,exo
bcd.user1964,exo
bcd.user1965,exo
bcd.user1966,exo
bcd.user1967,exo
bcd.user1968,exo
bcd.user1969,exo
bcd.user1970,exo
bcd.user1971,exo
bcd.user1972,exo
bcd.user1973,exo
bcd.user1974,exo
bcd.user1975,exo
bcd.user1976,exo
bcd.user1977,exo
bcd.user1978,exo
bcd.user1979,exo
bcd.user1980,exo
bcd.user1981,exo
bcd.user1982,exo
bcd.user1983,exo
bcd.user1984,exo
bcd.user1985,exo
bcd.user1986,exo
bcd.user1987,exo
bcd.user1988,exo
bcd.user1989,exo
bcd.user1990,exo
bcd.user1991,exo
bcd.user1992,exo
bcd.user1993,exo
bcd.user1994,exo
bcd.user1995,exo
bcd.user1996,exo
bcd.user1997,exo
bcd.user1998,exo
bcd.user1999,exo