def.user3000,exo
def.user3001,exo
def.user3002,exo
def.user3003,exo
def.user3004,exo
def.user3005,exo
def.user3006,exo
def.user3007,exo
def.user3008,exo
def.user3009,exo
def.user3010,exo
def.user3011,exo
def.user3012,exo
def.user3013,exo
def.user3014,exo
def.user3015,exo
def.user3016,exo
def.user3017,exo
def.user3018,exo
def.user3019,exo
def.user3020,exo
def.user3021,exo
def.user3022,exo
def.user3023,exo
def.user3024,exo
def.user3025,exo
def.user3026,exo
def.user3027,exo
def.user3028,exo
def.user3029,exo
def.user3030,exo
def.user3031,exo
def.user3032,exo
def.user3033,exo
def.user3034,exo
def.user3035,exo
def.user3036,exo
def.user3037,exo
def.user3038,exo
def.user3039,exo
def.user3040,exo
def.user3041,exo
def.user3042,exo
def.user3043,exo
def.user3044,exo
def.user3045,exo
def.user3046,exo
def.user3047,exo
def.user3048,exo
def.user3049,exo
def.user3050,exo
def.user3051,exo
def.user3052,exo
def.user3053,exo
def.user3054,exo
def.user3055,exo
def.user3056,exo
def.user3057,exo
def.user3058,exo
def.user3059,exo
def.user3060,exo
def.user3061,exo
def.user3062,exo
def.user3063,exo
def.user3064,exo
def.user3065,exo
def.user3066,exo
def.user3067,exo
def.user3068,exo
def.user3069,exo
def.user3070,exo
def.user3071,exo
def.user3072,exo
def.user3073,exo
def.user3074,exo
def.user3075,exo
def.user3076,exo
def.user3077,exo
def.user3078,exo
def.user3079,exo
def.user3080,exo
def.user3081,exo
def.user3082,exo
def.user3083,exo
def.user3084,exo
def.user3085,exo
def.user3086,exo
def.user3087,exo
def.user3088,exo
def.user3089,exo
def.user3090,exo
def.user3091,exo
def.user3092,exo
def.user3093,exo
def.user3094,exo
def.user3095,exo
def.user3096,exo
def.user3097,exo
def.user3098,exo
def.user3099,exo
def.user3100,exo
def.user3101,exo
def.user3102,exo
def.user3103,exo
def.user3104,exo
def.user3105,exo
def.user3106,exo
def.user3107,exo
def.user3108,exo
def.user3109,exo
def.user3110,exo
def.user3111,exo
def.user3112,exo
def.user3113,exo
def.user3114,exo
def.user3115,exo
def.user3116,exo
def.user3117,exo
def.user3118,exo
def.user3119,exo
def.user3120,exo
def.user3121,exo
def.user3122,exo
def.user3123,exo
def.user3124,exo
def.user3125,exo
def.user3126,exo
def.user3127,exo
def.user3128,exo
def.user3129,exo
def.user3130,exo
def.user3131,exo
def.user3132,exo
def.user3133,exo
def.user3134,exo
def.user3135,exo
def.user3136,exo
def.user3137,exo
def.user3138,exo
def.user3139,exo
def.user3140,exo
def.user3141,exo
def.user3142,exo
def.user3143,exo
def.user3144,exo
def.user3145,exo
def.user3146,exo
def.user3147,exo
def.user3148,exo
def.user3149,exo
def.user3150,exo
def.user3151,exo
def.user3152,exo
def.user3153,exo
def.user3154,exo
def.user3155,exo
def.user3156,exo
def.user3157,exo
def.user3158,exo
def.user3159,exo
def.user3160,exo
def.user3161,exo
def.user3162,exo
def.user3163,exo
def.user3164,exo
def.user3165,exo
def.user3166,exo
def.user3167,exo
def.user3168,exo
def.user3169,exo
def.user3170,exo
def.user3171,exo
def.user3172,exo
def.user3173,exo
def.user3174,exo
def.user3175,exo
def.user3176,exo
def.user3177,exo
def.user3178,exo
def.user3179,exo
def.user3180,exo
def.user3181,exo
def.user3182,exo
def.user3183,exo
def.user3184,exo
def.user3185,exo
def.user3186,exo
def.user3187,exo
def.user3188,exo
def.user3189,exo
def.user3190,exo
def.user3191,exo
def.user3192,exo
def.user3193,exo
def.user3194,exo
def.user3195,exo
def.user3196,exo
def.user3197,exo
def.user3198,exo
def.user3199,exo
def.user3200,exo
def.user3201,exo
def.user3202,exo
def.user3203,exo
def.user3204,exo
def.user3205,exo
def.user3206,exo
def.user3207,exo
def.user3208,exo
def.user3209,exo
def.user3210,exo
def.user3211,exo
def.user3212,exo
def.user3213,exo
def.user3214,exo
def.user3215,exo
def.user3216,exo
def.user3217,exo
def.user3218,exo
def.user3219,exo
def.user3220,exo
def.user3221,exo
def.user3222,exo
def.user3223,exo
def.user3224,exo
def.user3225,exo
def.user3226,exo
def.user3227,exo
def.user3228,exo
def.user3229,exo
def.user3230,exo
def.user3231,exo
def.user3232,exo
def.user3233,exo
def.user3234,exo
def.user3235,exo
def.user3236,exo
def.user3237,exo
def.user3238,exo
def.user3239,exo
def.user3240,exo
def.user3241,exo
def.user3242,exo
def.user3243,exo
def.user3244,exo
def.user3245,exo
def.user3246,exo
def.user3247,exo
def.user3248,exo
def.user3249,exo
def.user3250,exo
def.user3251,exo
def.user3252,exo
def.user3253,exo
def.user3254,exo
def.user3255,exo
def.user3256,exo
def.user3257,exo
def.user3258,exo
def.user3259,exo
def.user3260,exo
def.user3261,exo
def.user3262,exo
def.user3263,exo
def.user3264,exo
def.user3265,exo
def.user3266,exo
def.user3267,exo
def.user3268,exo
def.user3269,exo
def.user3270,exo
def.user3271,exo
def.user3272,exo
def.user3273,exo
def.user3274,exo
def.user3275,exo
def.user3276,exo
def.user3277,exo
def.user3278,exo
def.user3279,exo
def.user3280,exo
def.user3281,exo
def.user3282,exo
def.user3283,exo
def.user3284,exo
def.user3285,exo
def.user3286,exo
def.user3287,exo
def.user3288,exo
def.user3289,exo
def.user3290,exo
def.user3291,exo
def.user3292,exo
def.user3293,exo
def.user3294,exo
def.user3295,exo
def.user3296,exo
def.user3297,exo
def.user3298,exo
def.user3299,exo
def.user3300,exo
def.user3301,exo
def.user3302,exo
def.user3303,exo
def.user3304,exo
def.user3305,exo
def.user3306,exo
def.user3307,exo
def.user3308,exo
def.user3309,exo
def.user3310,exo
def.user3311,exo
def.user3312,exo
def.user3313,exo
def.user3314,exo
def.user3315,exo
def.user3316,exo
def.user3317,exo
def.user3318,exo
def.user3319,exo
def.user3320,exo
def.user3321,exo
def.user3322,exo
def.user3323,exo
def.user3324,exo
def.user3325,exo
def.user3326,exo
def.user3327,exo
def.user3328,exo
def.user3329,exo
def.user3330,exo
def.user3331,exo
def.user3332,exo
def.user3333,exo
def.user3334,exo
def.user3335,exo
def.user3336,exo
def.user3337,exo
def.user3338,exo
def.user3339,exo
def.user3340,exo
def.user3341,exo
def.user3342,exo
def.user3343,exo
def.user3344,exo
def.user3345,exo
def.user3346,exo
def.user3347,exo
def.user3348,exo
def.user3349,exo
def.user3350,exo
def.user3351,exo
def.user3352,exo
def.user3353,exo
def.user3354,exo
def.user3355,exo
def.user3356,exo
def.user3357,exo
def.user3358,exo
def.user3359,exo
def.user3360,exo
def.user3361,exo
def.user3362,exo
def.user3363,exo
def.user3364,exo
def.user3365,exo
def.user3366,exo
def.user3367,exo
def.user3368,exo
def.user3369,exo
def.user3370,exo
def.user3371,exo
def.user3372,exo
def.user3373,exo
def.user3374,exo
def.user3375,exo
def.user3376,exo
def.user3377,exo
def.user3378,exo
def.user3379,exo
def.user3380,exo
def.user3381,exo
def.user3382,exo
def.user3383,exo
def.user3384,exo
def.user3385,exo
def.user3386,exo
def.user3387,exo
def.user3388,exo
def.user3389,exo
def.user3390,exo
def.user3391,exo
def.user3392,exo
def.user3393,exo
def.user3394,exo
def.user3395,exo
def.user3396,exo
def.user3397,exo
def.user3398,exo
def.user3399,exo
def.user3400,exo
def.user3401,exo
def.user3402,exo
def.user3403,exo
def.user3404,exo
def.user3405,exo
def.user3406,exo
def.user3407,exo
def.user3408,exo
def.user3409,exo
def.user3410,exo
def.user3411,exo
def.user3412,exo
def.user3413,exo
def.user3414,exo
def.user3415,exo
def.user3416,exo
def.user3417,exo
def.user3418,exo
def.user3419,exo
def.user3420,exo
def.user3421,exo
def.user3422,exo
def.user3423,exo
def.user3424,exo
def.user3425,exo
def.user3426,exo
def.user3427,exo
def.user3428,exo
def.user3429,exo
def.user3430,exo
def.user3431,exo
def.user3432,exo
def.user3433,exo
def.user3434,exo
def.user3435,exo
def.user3436,exo
def.user3437,exo
def.user3438,exo
def.user3439,exo
def.user3440,exo
def.user3441,exo
def.user3442,exo
def.user3443,exo
def.user3444,exo
def.user3445,exo
def.user3446,exo
def.user3447,exo
def.user3448,exo
def.user3449,exo
def.user3450,exo
def.user3451,exo
def.user3452,exo
def.user3453,exo
def.user3454,exo
def.user3455,exo
def.user3456,exo
def.user3457,exo
def.user3458,exo
def.user3459,exo
def.user3460,exo
def.user3461,exo
def.user3462,exo
def.user3463,exo
def.user3464,exo
def.user3465,exo
def.user3466,exo
def.user3467,exo
def.user3468,exo
def.user3469,exo
def.user3470,exo
def.user3471,exo
def.user3472,exo
def.user3473,exo
def.user3474,exo
def.user3475,exo
def.user3476,exo
def.user3477,exo
def.user3478,exo
def.user3479,exo
def.user3480,exo
def.user3481,exo
def.user3482,exo
def.user3483,exo
def.user3484,exo
def.user3485,exo
def.user3486,exo
def.user3487,exo
def.user3488,exo
def.user3489,exo
def.user3490,exo
def.user3491,exo
def.user3492,exo
def.user3493,exo
def.user3494,exo
def.user3495,exo
def.user3496,exo
def.user3497,exo
def.user3498,exo
def.user3499,exo
def.user3500,exo
def.user3501,exo
def.user3502,exo
def.user3503,exo
def.user3504,exo
def.user3505,exo
def.user3506,exo
def.user3507,exo
def.user3508,exo
def.user3509,exo
def.user3510,exo
def.user3511,exo
def.user3512,exo
def.user3513,exo
def.user3514,exo
def.user3515,exo
def.user3516,exo
def.user3517,exo
def.user3518,exo
def.user3519,exo
def.user3520,exo
def.user3521,exo
def.user3522,exo
def.user3523,exo
def.user3524,exo
def.user3525,exo
def.user3526,exo
def.user3527,exo
def.user3528,exo
def.user3529,exo
def.user3530,exo
def.user3531,exo
def.user3532,exo
def.user3533,exo
def.user3534,exo
def.user3535,exo
def.user3536,exo
def.user3537,exo
def.user3538,exo
def.user3539,exo
def.user3540,exo
def.user3541,exo
def.user3542,exo
def.user3543,exo
def.user3544,exo
def.user3545,exo
def.user3546,exo
def.user3547,exo
def.user3548,exo
def.user3549,exo
def.user3550,exo
def.user3551,exo
def.user3552,exo
def.user3553,exo
def.user3554,exo
def.user3555,exo
def.user3556,exo
def.user3557,exo
def.user3558,exo
def.user3559,exo
def.user3560,exo
def.user3561,exo
def.user3562,exo
def.user3563,exo
def.user3564,exo
def.user3565,exo
def.user3566,exo
def.user3567,exo
def.user3568,exo
def.user3569,exo
def.user3570,exo
def.user3571,exo
def.user3572,exo
def.user3573,exo
def.user3574,exo
def.user3575,exo
def.user3576,exo
def.user3577,exo
def.user3578,exo
def.user3579,exo
def.user3580,exo
def.user3581,exo
def.user3582,exo
def.user3583,exo
def.user3584,exo
def.user3585,exo
def.user3586,exo
def.user3587,exo
def.user3588,exo
def.user3589,exo
def.user3590,exo
def.user3591,exo
def.user3592,exo
def.user3593,exo
def.user3594,exo
def.user3595,exo
def.user3596,exo
def.user3597,exo
def.user3598,exo
def.user3599,exo
def.user3600,exo
def.user3601,exo
def.user3602,exo
def.user3603,exo
def.user3604,exo
def.user3605,exo
def.user3606,exo
def.user3607,exo
def.user3608,exo
def.user3609,exo
def.user3610,exo
def.user3611,exo
def.user3612,exo
def.user3613,exo
def.user3614,exo
def.user3615,exo
def.user3616,exo
def.user3617,exo
def.user3618,exo
def.user3619,exo
def.user3620,exo
def.user3621,exo
def.user3622,exo
def.user3623,exo
def.user3624,exo
def.user3625,exo
def.user3626,exo
def.user3627,exo
def.user3628,exo
def.user3629,exo
def.user3630,exo
def.user3631,exo
def.user3632,exo
def.user3633,exo
def.user3634,exo
def.user3635,exo
def.user3636,exo
def.user3637,exo
def.user3638,exo
def.user3639,exo
def.user3640,exo
def.user3641,exo
def.user3642,exo
def.user3643,exo
def.user3644,exo
def.user3645,exo
def.user3646,exo
def.user3647,exo
def.user3648,exo
def.user3649,exo
def.user3650,exo
def.user3651,exo
def.user3652,exo
def.user3653,exo
def.user3654,exo
def.user3655,exo
def.user3656,exo
def.user3657,exo
def.user3658,exo
def.user3659,exo
def.user3660,exo
def.user3661,exo
def.user3662,exo
def.user3663,exo
def.user3664,exo
def.user3665,exo
def.user3666,exo
def.user3667,exo
def.user3668,exo
def.user3669,exo
def.user3670,exo
def.user3671,exo
def.user3672,exo
def.user3673,exo
def.user3674,exo
def.user3675,exo
def.user3676,exo
def.user3677,exo
def.user3678,exo
def.user3679,exo
def.user3680,exo
def.user3681,exo
def.user3682,exo
def.user3683,exo
def.user3684,exo
def.user3685,exo
def.user3686,exo
def.user3687,exo
def.user3688,exo
def.user3689,exo
def.user3690,exo
def.user3691,exo
def.user3692,exo
def.user3693,exo
def.user3694,exo
def.user3695,exo
def.user3696,exo
def.user3697,exo
def.user3698,exo
def.user3699,exo
def.user3700,exo
def.user3701,exo
def.user3702,exo
def.user3703,exo
def.user3704,exo
def.user3705,exo
def.user3706,exo
def.user3707,exo
def.user3708,exo
def.user3709,exo
def.user3710,exo
def.user3711,exo
def.user3712,exo
def.user3713,exo
def.user3714,exo
def.user3715,exo
def.user3716,exo
def.user3717,exo
def.user3718,exo
def.user3719,exo
def.user3720,exo
def.user3721,exo
def.user3722,exo
def.user3723,exo
def.user3724,exo
def.user3725,exo
def.user3726,exo
def.user3727,exo
def.user3728,exo
def.user3729,exo
def.user3730,exo
def.user3731,exo
def.user3732,exo
def.user3733,exo
def.user3734,exo
def.user3735,exo
def.user3736,exo
def.user3737,exo
def.user3738,exo
def.user3739,exo
def.user3740,exo
def.user3741,exo
def.user3742,exo
def.user3743,exo
def.user3744,exo
def.user3745,exo
def.user3746,exo
def.user3747,exo
def.user3748,exo
def.user3749,exo
def.user3750,exo
def.user3751,exo
def.user3752,exo
def.user3753,exo
def.user3754,exo
def.user3755,exo
def.user3756,exo
def.user3757,exo
def.user3758,exo
def.user3759,exo
def.user3760,exo
def.user3761,exo
def.user3762,exo
def.user3763,exo
def.user3764,exo
def.user3765,exo
def.user3766,exo
def.user3767,exo
def.user3768,exo
def.user3769,exo
def.user3770,exo
def.user3771,exo
def.user3772,exo
def.user3773,exo
def.user3774,exo
def.user3775,exo
def.user3776,exo
def.user3777,exo
def.user3778,exo
def.user3779,exo
def.user3780,exo
def.user3781,exo
def.user3782,exo
def.user3783,exo
def.user3784,exo
def.user3785,exo
def.user3786,exo
def.user3787,exo
def.user3788,exo
def.user3789,exo
def.user3790,exo
def.user3791,exo
def.user3792,exo
def.user3793,exo
def.user3794,exo
def.user3795,exo
def.user3796,exo
def.user3797,exo
def.user3798,exo
def.user3799,exo
def.user3800,exo
def.user3801,exo
def.user3802,exo
def.user3803,exo
def.user3804,exo
def.user3805,exo
def.user3806,exo
def.user3807,exo
def.user3808,exo
def.user3809,exo
def.user3810,exo
def.user3811,exo
def.user3812,exo
def.user3813,exo
def.user3814,exo
def.user3815,exo
def.user3816,exo
def.user3817,exo
def.user3818,exo
def.user3819,exo
def.user3820,exo
def.user3821,exo
def.user3822,exo
def.user3823,exo
def.user3824,exo
def.user3825,exo
def.user3826,exo
def.user3827,exo
def.user3828,exo
def.user3829,exo
def.user3830,exo
def.user3831,exo
def.user3832,exo
def.user3833,exo
def.user3834,exo
def.user3835,exo
def.user3836,exo
def.user3837,exo
def.user3838,exo
def.user3839,exo
def.user3840,exo
def.user3841,exo
def.user3842,exo
def.user3843,exo
def.user3844,exo
def.user3845,exo
def.user3846,exo
def.user3847,exo
def.user3848,exo
def.user3849,exo
def.user3850,exo
def.user3851,exo
def.user3852,exo
def.user3853,exo
def.user3854,exo
def.user3855,exo
def.user3856,exo
def.user3857,exo
def.user3858,exo
def.user3859,exo
def.user3860,exo
def.user3861,exo
def.user3862,exo
def.user3863,exo
def.user3864,exo
def.user3865,exo
def.user3866,exo
def.user3867,exo
def.user3868,exo
def.user3869,exo
def.user3870,exo
def.user3871,exo
def.user3872,exo
def.user3873,exo
def.user3874,exo
def.user3875,exo
def.user3876,exo
def.user3877,exo
def.user3878,exo
def.user3879,exo
def.user3880,exo
def.user3881,exo
def.user3882,exo
def.user3883,exo
def.user3884,exo
def.user3885,exo
def.user3886,exo
def.user3887,exo
def.user3888,exo
def.user3889,exo
def.user3890,exo
def.user3891,exo
def.user3892,exo
def.user3893,exo
def.user3894,exo
def.user3895,exo
def.user3896,exo
def.user3897,exo
def.user3898,exo
def.user3899,exo
def.user3900,exo
def.user3901,exo
def.user3902,exo
def.user3903,exo
def.user3904,exo
def.user3905,exo
def.user3906,exo
def.user3907,exo
def.user3908,exo
def.user3909,exo
def.user3910,exo
def.user3911,exo
def.user3912,exo
def.user3913,exo
def.user3914,exo
def.user3915,exo
def.user3916,exo
def.user3917,exo
def.user3918,exo
def.user3919,exo
def.user3920,exo
def.user3921,exo
def.user3922,exo
def.user3923,exo
def.user3924,exo
def.user3925,exo
def.user3926,exo
def.user3927,exo
def.user3928,exo
def.user3929,exo
def.user3930,exo
def.user3931,exo
def.user3932,exo
def.user3933,exo
def.user3934,exo
def.user3935,exo
def.user3936,exo
def.user3937,exo
def.user3938,exo
def.user3939,exo
def.user3940,exo
def.user3941,exo
def.user3942,exo
def.user3943,exo
def.user3944,exo
def.user3945,exo
def.user3946,exo
def.user3947,exo
def.user3948,exo
def.user3949,exo
def.user3950,exo
def.user3951,exo
def.user3952,exo
def.user3953,exo
def.user3954,exo
def.user3955,exo
def.user3956,exo
def.user3957,exo
def.user3958,exo
def.user3959,exo
def.user3960,exo
def.user3961,exo
def.user3962,exo
def.user3963,exo
def.user3964,exo
def.user3965,exo
def.user3966,exo
def.user3967,exo
def.user3968,exo
def.user3969,exo
def.user3970,exo
def.user3971,exo
def.user3972,exo
def.user3973,exo
def.user3974,exo
def.user3975,exo
def.user3976,exo
def.user3977,exo
def.user3978,exo
def.user3979,exo
def.user3980,exo
def.user3981,exo
def.user3982,exo
def.user3983,exo
def.user3984,exo
def.user3985,exo
def.user3986,exo
def.user3987,exo
def.user3988,exo
def.user3989,exo
def.user3990,exo
def.user3991,exo
def.user3992,exo
def.user3993,exo
def.user3994,exo
def.user3995,exo
def.user3996,exo
def.user3997,exo
def.user3998,exo
def.user3999,exo